City_ID,City,Country,Lat,Lng,Max Temp,Humidity,Cloudiness,Wind Speed,Current Description
0,Iqaluit,CA,63.7506,-68.5145,32.7,80,100,11.99,Clouds
1,Cherskiy,RU,68.75,161.3,20.35,92,100,21.16,Clouds
2,Port Hardy,CA,50.6996,-127.4199,53.78,100,100,2.3,Mist
3,Albany,US,42.6001,-73.9662,52.29,56,6,1.01,Clear
4,Atuona,PF,-9.8,-139.0333,76.33,78,32,19.6,Rain
5,Kalmunai,LK,7.4167,81.8167,78.94,82,59,1.9,Clouds
6,Tolaga Bay,NZ,-38.3667,178.3,45.39,85,45,5.26,Clouds
7,Gornopravdinsk,RU,60.05,69.9,44.91,92,100,4.63,Clouds
8,Punta Arenas,CL,-53.15,-70.9167,50.02,61,75,26.46,Clouds
9,Mataura,NZ,-46.1927,168.8643,38.01,95,94,3.67,Clouds
10,Phalaborwa,ZA,-23.943,31.1411,81.21,36,0,5.14,Clear
11,Vaini,TO,-21.2,-175.2,74.41,79,100,26.93,Rain
12,Saskylakh,RU,71.9167,114.0833,20.7,97,98,3.8,Clouds
13,Kondinskoye,RU,59.6481,67.41,44.71,91,100,5.17,Clouds
14,Nanortalik,GL,60.1432,-45.2371,34.93,63,2,21.34,Clear
15,Pevek,RU,69.7008,170.3133,26.06,67,100,27.89,Clouds
16,Hermanus,ZA,-34.4187,19.2345,62.8,81,71,8.39,Clouds
17,Chokurdakh,RU,70.6333,147.9167,21.4,89,100,19.95,Clouds
18,Portland,US,45.5234,-122.6762,72.77,75,20,4.0,Clouds
19,Avarua,CK,-21.2078,-159.775,71.65,78,40,10.36,Clouds
20,Warrenton,ZA,-28.114,24.8475,82.85,13,58,9.06,Clouds
21,Busselton,AU,-33.65,115.3333,53.58,81,12,3.76,Clouds
22,Jamestown,US,42.097,-79.2353,47.79,67,75,14.97,Clouds
23,Rikitea,PF,-23.1203,-134.9692,71.02,67,78,21.5,Clouds
24,Butaritari,KI,3.0707,172.7902,82.0,74,17,14.05,Clouds
25,Arraial Do Cabo,BR,-22.9661,-42.0278,78.66,65,40,9.22,Clouds
26,Hobart,AU,-42.8794,147.3294,40.05,88,6,6.91,Clear
27,Pirogovo,RU,56.7796,53.1495,45.64,88,94,5.35,Clouds
28,Chuy,UY,-33.6971,-53.4616,73.0,50,94,15.82,Clouds
29,Hobyo,SO,5.3505,48.5268,78.08,83,99,21.39,Clouds
30,Evensk,RU,61.95,159.2333,23.16,74,72,8.05,Clouds
31,San Quintin,MX,30.4833,-115.95,73.35,71,3,6.35,Clear
32,Cape Town,ZA,-33.9258,18.4232,64.09,75,20,24.16,Clouds
33,Stepnogorsk,KZ,52.3544,71.8869,50.95,61,99,9.22,Clouds
34,Stornoway,GB,58.2093,-6.3865,53.56,87,40,12.66,Clouds
35,Oromocto,CA,45.8351,-66.4792,56.71,53,78,8.99,Clouds
36,Salinopolis,BR,-0.6136,-47.3561,85.57,65,26,11.9,Clouds
37,Kawalu,ID,-7.3817,108.2082,71.83,97,100,0.69,Rain
38,Barrow,US,71.2906,-156.7887,23.02,93,0,9.22,Clear
39,Sioux Lookout,CA,50.1001,-91.917,46.44,49,100,10.63,Clouds
40,Ilulissat,GL,69.2167,-51.1,30.22,74,75,3.44,Clouds
41,Ostrovnoy,RU,68.0531,39.5131,45.81,90,96,17.67,Clouds
42,Port Alfred,ZA,-33.5906,26.891,66.18,91,52,6.15,Clouds
43,Saint George,US,37.1041,-113.5841,76.42,36,0,1.01,Clear
44,Kapaa,US,22.0752,-159.319,72.1,85,100,5.75,Clouds
45,Touros,BR,-5.1989,-35.4608,85.28,58,1,18.5,Clear
46,Nikolskoye,RU,59.7035,30.7861,55.29,73,100,11.92,Clouds
47,Dikson,RU,73.5069,80.5464,31.24,84,92,9.22,Clouds
48,Ghogha,IN,21.6833,72.2833,83.55,73,99,6.96,Clouds
49,Victoria,HK,22.2855,114.1577,82.18,85,25,10.0,Clouds
50,Ushuaia,AR,-54.8,-68.3,47.82,76,75,11.5,Drizzle
51,Sinjar,IQ,36.3209,41.8754,83.14,29,35,5.97,Clouds
52,Kyra,RU,49.5776,111.9753,24.28,89,29,4.97,Clouds
53,Bluff,NZ,-46.6,168.3333,46.9,74,89,15.19,Clouds
54,Ananas,HT,19.2466,-71.9557,86.0,53,63,5.75,Clouds
55,Alta Floresta,BR,-9.8756,-56.0861,93.02,46,20,4.61,Clouds
56,Barcelos,PT,41.5388,-8.6151,77.92,54,0,3.98,Clear
57,Tommot,RU,58.9564,126.2925,28.18,94,100,7.72,Snow
58,Vaitape,PF,-16.5167,-151.75,77.97,76,16,18.81,Clouds
59,Necochea,AR,-38.5473,-58.7368,51.8,62,66,29.04,Clouds
60,San Joaquin,US,37.9333,-121.3011,78.37,46,0,0.0,Clear
61,Kodiak,US,57.79,-152.4072,53.11,82,100,9.22,Clouds
62,Thompson,CA,55.7435,-97.8558,44.1,51,82,5.95,Clouds
63,Comodoro Rivadavia,AR,-45.8667,-67.5,62.46,16,20,20.71,Clouds
64,Tasiilaq,GL,65.6145,-37.6368,35.76,94,100,5.59,Clouds
65,Mackenzie,CA,55.2999,-123.1698,41.22,100,100,2.3,Fog
66,Fortuna,US,40.5982,-124.1573,50.34,51,10,3.56,Clear
67,Saint-Philippe,RE,-21.3585,55.7679,71.19,77,25,12.35,Clouds
68,Chunhuhub,MX,19.55,-88.6833,91.17,40,79,4.12,Clouds
69,Castro,BR,-24.7911,-50.0119,71.08,44,0,6.89,Clear
70,Karema,TZ,-6.8205,30.4389,78.3,35,1,4.54,Clear
71,Noumea,NC,-22.2763,166.4572,75.99,99,73,10.36,Clouds
72,Khatanga,RU,71.9667,102.5,7.0,97,75,4.21,Clouds
73,Saint-Pierre,RE,-21.3393,55.4781,71.91,68,0,16.11,Clear
74,Molteno,ZA,-31.3968,26.3625,73.08,13,87,8.46,Clouds
75,Mount Gambier,AU,-37.8333,140.7667,39.11,93,9,1.14,Mist
76,Bambous Virieux,MU,-20.3428,57.7575,71.85,68,40,12.66,Clouds
77,Bredasdorp,ZA,-34.5322,20.0403,57.96,81,97,5.53,Clouds
78,Mwense,ZM,-10.3845,28.698,81.5,13,14,7.29,Clouds
79,San Patricio,US,28.017,-97.5169,87.69,40,12,8.39,Clouds
80,Narsaq,GL,60.9167,-46.05,37.62,59,1,3.53,Clear
81,Puerto Ayora,EC,-0.7393,-90.3518,76.96,90,83,13.0,Clouds
82,Andijon,UZ,40.7821,72.3442,56.48,26,0,4.14,Clear
83,Muroto,JP,33.2833,134.15,66.51,62,88,15.41,Clouds
84,Kangaba,ML,11.9333,-8.4167,85.73,60,38,8.25,Clouds
85,Sao Filipe,CV,14.8961,-24.4956,78.46,79,19,10.36,Clouds
86,Tevaitoa,PF,-16.7833,-151.5,77.79,77,16,19.22,Clouds
87,Roald,NO,62.5833,6.1333,48.76,81,75,16.11,Clouds
88,Novo Aripuana,BR,-5.1206,-60.3797,100.62,27,35,5.93,Clouds
89,Magdalena,PH,14.1999,121.429,76.48,93,53,4.59,Clouds
90,Kavieng,PG,-2.5744,150.7967,82.58,70,38,17.49,Clouds
91,Georgetown,MY,5.4112,100.3354,82.24,90,20,0.0,Clouds
92,Lebu,CL,-37.6167,-73.65,50.95,56,9,19.33,Clear
93,Manta,EC,-0.95,-80.7333,76.78,69,20,10.36,Clouds
94,Cabo San Lucas,MX,22.8909,-109.9124,89.91,42,20,0.0,Clouds
95,Goderich,CA,43.7501,-81.7165,50.92,61,61,16.11,Clouds
96,Provideniya,RU,64.3833,-173.3,31.68,66,30,9.04,Clouds
97,Banda Aceh,ID,5.5577,95.3222,79.11,79,100,7.56,Clouds
98,Dingle,PH,10.9995,122.6711,76.28,92,98,5.48,Clouds
99,Ribeira Grande,PT,38.5167,-28.7,73.8,88,75,10.36,Clouds
100,Taoudenni,ML,22.6783,-3.9836,106.2,10,7,3.11,Clear
101,Souillac,MU,-20.5167,57.5167,71.98,68,40,12.66,Clouds
102,Lavrentiya,RU,65.5833,-171.0,30.81,73,78,11.18,Clouds
103,Carnarvon,AU,-24.8667,113.6333,67.51,70,73,16.73,Clouds
104,Sorland,NO,67.667,12.6934,46.26,68,100,26.08,Clouds
105,Yellowknife,CA,62.456,-114.3525,41.56,100,86,3.0,Clouds
106,Komsomolskoye,RU,55.2567,47.5461,47.98,83,12,7.45,Clouds
107,Port Elizabeth,ZA,-33.918,25.5701,68.09,84,0,15.01,Clear
108,Florida,US,28.7505,-82.5001,85.78,55,0,8.05,Clear
109,Vila,PT,42.0304,-8.1588,68.7,49,5,3.89,Clear
110,Ulladulla,AU,-35.35,150.4667,49.1,94,100,19.82,Rain
111,Sabang,ID,5.8933,95.3214,81.52,75,100,11.72,Rain
112,Katsuura,JP,35.1333,140.3,67.3,72,82,14.67,Clouds
113,Cogealac,RO,44.55,28.5667,57.24,70,21,6.26,Clouds
114,Pisco,PE,-13.7,-76.2167,64.45,72,3,10.36,Haze
115,Constitucion,CL,-35.3333,-72.4167,58.35,39,0,15.82,Clear
116,Tamandare,BR,-8.7597,-35.1047,82.76,58,1,9.31,Clear
117,Nome,US,64.5011,-165.4064,33.87,93,75,3.44,Clouds
118,Altamira,BR,-3.2033,-52.2064,91.49,55,40,8.05,Clouds
119,Hannibal,US,39.7084,-91.3585,57.61,31,0,6.35,Clear
120,Tuatapere,NZ,-46.1333,167.6833,44.33,84,76,8.28,Clouds
121,Hithadhoo,MV,-0.6,73.0833,81.39,75,14,13.24,Clouds
122,Port Hedland,AU,-20.3167,118.5667,68.05,60,42,6.91,Clouds
123,Qaanaaq,GL,77.484,-69.3632,7.14,67,42,9.35,Clouds
124,San Cristobal,VE,7.7669,-72.225,84.38,47,88,8.41,Clouds
125,Grumazesti,RO,47.1333,26.3667,56.71,23,66,2.86,Clouds
126,Tshikapa,CD,-6.4167,20.8,71.31,89,82,2.91,Rain
127,New Norfolk,AU,-42.7826,147.0587,39.7,75,14,3.11,Clouds
128,Uarini,BR,-2.99,-65.1083,101.23,27,50,3.42,Clouds
129,Itarema,BR,-2.9248,-39.9167,86.68,60,15,18.86,Clouds
130,Juneau,US,58.3019,-134.4197,51.8,100,100,14.97,Mist
131,Norman Wells,CA,65.282,-126.8329,43.14,87,100,2.15,Rain
132,Morehead,US,37.2711,-87.1764,59.99,48,75,6.91,Clouds
133,Havoysund,NO,70.9963,24.6622,44.83,85,47,20.8,Clouds
134,Carire,BR,-3.9506,-40.4733,104.7,21,23,1.41,Clouds
135,Kruisfontein,ZA,-34.0033,24.7314,65.88,67,78,7.65,Clouds
136,Ancud,CL,-41.8697,-73.8203,51.78,56,16,13.56,Clouds
137,Shaoyang,CN,27.2315,111.4525,57.49,78,25,5.14,Clouds
138,Gizo,SB,-8.103,156.8419,81.05,75,35,7.09,Clouds
139,Geraldton,AU,-28.7667,114.6,48.61,93,36,4.61,Clouds
140,Nizhniy Kuranakh,RU,58.8353,125.4869,27.75,96,100,7.14,Snow
141,Kasongo-Lunda,CD,-6.4667,16.8167,75.43,79,77,3.94,Rain
142,Sambava,MG,-14.2667,50.1667,71.64,79,27,14.85,Clouds
143,Japura,ID,-0.3167,102.35,71.87,96,100,3.0,Clouds
144,Totness,SR,5.8833,-56.3167,87.3,59,6,10.45,Clear
145,Vrangel,RU,42.7297,133.0839,50.99,63,41,1.88,Clouds
146,Kutum,SD,14.2,24.6667,84.61,22,34,9.33,Clouds
147,Hilo,US,19.7297,-155.09,83.28,89,20,4.61,Clouds
148,Tuktoyaktuk,CA,69.4541,-133.0374,30.2,93,40,5.75,Clouds
149,Severo-Kurilsk,RU,50.6789,156.125,43.21,65,100,6.85,Clouds
150,Bataipora,BR,-22.2953,-53.2711,81.45,41,0,5.06,Clear
151,Finschhafen,PG,-6.6024,147.8681,78.76,78,83,6.73,Clouds
152,Omboue,GA,-1.5746,9.2618,78.01,81,76,7.54,Clouds
153,Nuuk,GL,64.1835,-51.7216,32.61,86,75,3.44,Clouds
154,Candolim,IN,15.5181,73.7626,78.69,80,48,2.42,Clouds
155,Uhlove,UA,44.8215,33.6045,63.01,68,46,16.71,Clouds
156,Gazojak,TM,41.1875,61.4036,59.54,35,0,11.65,Clear
157,Gat,IL,31.61,34.7642,75.88,100,14,7.85,Clouds
158,Mareeba,AU,-17.0,145.4333,70.52,93,30,2.59,Clouds
159,Waspan,NI,14.7419,-83.9717,79.39,92,100,7.83,Clouds
160,Te Anau,NZ,-45.4167,167.7167,45.59,82,86,7.34,Clouds
161,Axim,GH,4.8699,-2.2405,79.32,77,89,8.01,Clouds
162,Raga,SS,8.4596,25.678,71.46,91,35,3.15,Rain
163,Iquique,CL,-20.2208,-70.1431,62.64,64,3,3.96,Clear
164,Pangnirtung,CA,66.1451,-65.7125,26.6,74,100,3.44,Snow
165,Strai,NO,58.2,7.9,48.79,67,20,3.44,Clouds
166,Lompoc,US,34.6391,-120.4579,57.61,100,100,0.0,Clouds
167,Lorengau,PG,-2.0226,147.2712,80.26,72,22,7.18,Clouds
168,Bandarbeyla,SO,9.4942,50.8122,78.1,82,4,18.99,Clear
169,Nelson Bay,AU,-32.7167,152.15,59.09,96,100,18.01,Rain
170,Lingao,CN,19.9103,109.6859,77.74,89,97,9.55,Clouds
171,Lakatoro,VU,-16.0999,167.4164,77.72,83,16,8.79,Clouds
172,Luderitz,NA,-26.6481,15.1594,62.69,77,7,12.77,Clear
173,Ponta Delgada,PT,37.7333,-25.6667,76.5,88,40,5.75,Clouds
174,Mar Del Plata,AR,-38.0023,-57.5575,58.08,61,75,20.71,Clouds
175,Vao,NC,-22.6667,167.4833,72.77,80,22,21.34,Clouds
176,Masunga,BW,-20.6246,27.4488,79.09,24,0,17.05,Clear
177,Diamantino,BR,-14.4086,-56.4461,95.72,33,33,7.16,Clouds
178,Bosobolo,CD,4.1833,19.9,72.81,94,76,1.1,Clouds
179,San Carlos De Bariloche,AR,-41.1456,-71.3082,47.95,40,20,23.02,Clouds
180,Riyadh,SA,24.6877,46.7219,89.74,9,0,10.0,Clear
181,Barabai,ID,-2.5833,115.3833,74.28,98,99,0.81,Clouds
182,Kankan,GN,10.3854,-9.3057,78.19,85,86,4.7,Rain
183,Ambulu,ID,-8.345,113.6058,76.14,93,100,2.39,Rain
184,Hajiganj,BD,23.2511,90.8592,79.63,84,44,4.94,Clouds
185,Dalvik,IS,65.9702,-18.5286,35.53,86,99,5.14,Clouds
186,Copiapo,CL,-27.3667,-70.3333,60.49,30,65,8.37,Clouds
187,Klaksvik,FO,62.2266,-6.589,49.12,90,100,27.54,Rain
188,Naze,JP,28.3667,129.4833,76.12,79,73,8.86,Clouds
189,Kochevo,RU,59.5994,54.3125,42.28,91,84,7.76,Clouds
190,Saldanha,ZA,-33.0117,17.9442,61.52,83,26,24.34,Clouds
191,Esil,KZ,51.9556,66.4042,47.52,77,100,17.9,Rain
192,Labuhan,ID,-6.8844,112.2051,79.79,81,100,6.73,Clouds
193,Kununurra,AU,-15.7667,128.7333,78.78,78,45,3.44,Clouds
194,Coihueco,CL,-36.6167,-71.8333,56.14,51,0,16.11,Clear
195,La Ronge,CA,55.1001,-105.2842,59.22,54,20,9.22,Clouds
196,Calama,CL,-22.4667,-68.9333,73.89,4,0,18.41,Clear
197,Pemangkat,ID,1.1667,108.9667,78.71,80,100,5.77,Clouds
198,Mednogorsk,RU,51.4128,57.595,44.6,82,19,6.93,Clouds
199,Matamoros,MX,25.5333,-103.25,71.71,61,40,0.0,Clouds
200,Den Helder,NL,52.9599,4.7593,57.18,69,50,13.0,Clouds
201,Broken Hill,AU,-31.95,141.4333,48.78,61,0,11.92,Clear
202,Ziro,IN,27.6333,93.8333,55.09,97,72,0.65,Clouds
203,Leh,IN,34.1667,77.5833,46.87,29,0,3.69,Clear
204,Valleyview,CA,55.0667,-117.2859,50.04,76,42,6.91,Clouds
205,Wakuya,JP,38.5333,141.1333,53.2,87,71,4.76,Clouds
206,Hofn,IS,64.2539,-15.2082,40.87,90,100,6.26,Clouds
207,Port Macquarie,AU,-31.4333,152.9167,66.09,94,100,11.5,Rain
208,Mill Valley,US,37.906,-122.545,75.92,85,35,3.0,Clouds
209,Benguela,AO,-12.5763,13.4055,75.76,77,35,5.57,Clouds
210,Male,MV,4.1748,73.5089,82.35,78,75,13.8,Clouds
211,Alofi,NU,-19.0595,-169.9187,75.09,83,100,17.27,Clouds
212,Roshchino,RU,60.2519,29.6085,51.96,79,100,16.08,Rain
213,Clyde River,CA,70.4692,-68.5914,21.43,79,75,8.05,Clouds
214,Banjar,ID,-8.19,114.9675,77.31,92,89,5.46,Rain
215,Mehamn,NO,71.0357,27.8492,42.75,93,100,6.91,Clouds
216,San Juan,AR,-31.5375,-68.5364,60.84,19,0,24.85,Clear
217,Upernavik,GL,72.7868,-56.1549,23.29,92,100,9.6,Snow
218,Abay,KZ,49.6311,72.8539,48.58,24,5,14.2,Clear
219,Jiangyou,CN,31.7667,104.7167,59.27,86,100,1.12,Clouds
220,Nianzishan,CN,47.5167,122.8833,36.97,59,86,11.83,Clouds
221,Cidreira,BR,-30.1811,-50.2056,72.82,54,1,7.25,Clear
222,Porto Nacional,BR,-10.7081,-48.4172,93.2,20,33,1.81,Clouds
223,Vanimo,PG,-2.6741,141.3028,78.58,89,100,5.03,Clouds
224,Ballina,AU,-28.8667,153.5667,65.01,99,100,14.38,Rain
225,Ola,RU,59.5833,151.2833,24.91,82,13,6.38,Clouds
226,Varkkallai,IN,8.7341,76.7067,80.38,88,17,7.7,Clouds
227,Bathsheba,BB,13.2167,-59.5167,88.41,66,40,18.41,Clouds
228,Mabaruma,GY,8.2,-59.7833,91.76,50,54,6.15,Clouds
229,Sobolevo,RU,54.4299,31.8996,49.17,75,88,11.68,Clouds
230,Harper,LR,4.375,-7.7169,78.98,83,61,8.39,Rain
231,East London,ZA,-33.0153,27.9116,68.94,88,0,4.61,Clear
232,Srandakan,ID,-7.9386,110.2506,76.66,91,100,7.09,Clouds
233,Padang,ID,-0.9492,100.3543,77.68,79,100,3.47,Clouds
234,Bengkulu,ID,-3.8004,102.2655,76.3,85,99,4.27,Clouds
235,Ipixuna,BR,-1.7625,-48.8043,93.94,43,1,6.89,Clear
236,Meulaboh,ID,4.1363,96.1285,77.52,83,100,3.15,Rain
237,Omsukchan,RU,62.5333,155.8,2.3,81,70,4.41,Clouds
238,Nalut,LY,30.3333,10.85,79.02,22,16,6.35,Clouds
239,Tilichiki,RU,60.4667,166.1,27.59,76,25,3.94,Clouds
240,Talnakh,RU,69.4865,88.3972,26.76,93,98,7.05,Clouds
241,Port Lincoln,AU,-34.7333,135.8667,49.24,78,14,3.76,Clouds
242,Puerto Rico,AR,-26.796,-55.024,79.25,39,2,5.57,Clear
243,Trairi,BR,-3.2778,-39.2689,86.04,60,3,17.25,Clear
244,Le Port,RE,-20.9373,55.2919,71.6,56,63,3.29,Clouds
245,Los Llanos De Aridane,ES,28.6585,-17.9182,74.12,68,40,16.11,Clouds
246,Hasaki,JP,35.7333,140.8333,59.4,62,82,15.97,Clouds
247,Westport,US,41.1415,-73.3579,59.27,55,0,8.05,Clear
248,Aykhal,RU,66.0,111.5,23.99,96,99,11.95,Clouds
249,Marawi,PH,7.9986,124.2928,70.23,91,100,1.61,Clouds
250,Prince Rupert,CA,54.3161,-130.3201,47.89,100,100,1.14,Fog
251,Kulhudhuffushi,MV,6.6221,73.07,81.55,76,100,14.7,Clouds
252,Ponta Do Sol,PT,32.6667,-17.1,75.7,74,31,3.89,Clouds
253,Buala,SB,-8.145,159.5921,79.7,73,26,8.12,Clouds
254,Shakawe,BW,-18.3667,21.85,83.1,11,0,6.64,Clear
255,Santiago,CL,-33.4569,-70.6483,68.25,53,20,6.91,Clouds
256,Deputatskiy,RU,69.3,139.9,15.48,87,100,14.76,Clouds
257,Rundu,NA,-17.9333,19.7667,83.19,9,0,7.61,Clear
258,Merauke,ID,-8.4667,140.3333,78.66,90,100,10.22,Clouds
259,Gwembe,ZM,-16.4975,27.6069,75.58,22,0,5.5,Clear
260,Ulaangom,MN,49.9811,92.0667,32.99,48,14,3.38,Clouds
261,Atasu,KZ,48.6814,71.6433,52.93,35,0,16.49,Clear
262,Nacala,MZ,-14.5428,40.6728,73.26,78,0,5.66,Clear
263,Lambayeque,PE,-6.7011,-79.9061,69.91,64,0,17.27,Clear
264,Barranquilla,CO,10.9639,-74.7964,85.78,70,75,3.44,Clouds
265,Casa Nova,BR,-9.4167,-41.1333,93.85,31,3,9.91,Clear
266,Manokwari,ID,-0.8667,134.0833,78.3,80,100,1.97,Clouds
267,Jalu,LY,29.0331,21.5482,75.24,37,0,9.66,Clear
268,Upington,ZA,-28.4478,21.2561,86.38,14,0,5.75,Clear
269,Denpasar,ID,-8.65,115.2167,82.06,94,75,11.5,Clouds
270,Daru,PG,-9.0763,143.2092,79.32,89,100,11.01,Clouds
271,Lensk,RU,60.7253,114.9278,31.77,91,100,11.56,Clouds
272,Mahebourg,MU,-20.4081,57.7,71.89,68,40,12.66,Clouds
273,Terme,TR,41.2092,36.9739,66.13,92,95,5.32,Clouds
274,Eldorado,BR,-23.7869,-54.2836,75.63,54,0,7.65,Clear
275,Praia Da Vitoria,PT,38.7333,-27.0667,79.05,69,40,8.57,Clouds
276,Hammerfest,NO,70.6634,23.6821,43.25,93,75,9.22,Clouds
277,Taksimo,RU,56.3444,114.8794,25.52,77,50,3.11,Clouds
278,Beeville,US,28.4008,-97.7483,86.63,30,0,8.05,Clear
279,Guerrero Negro,MX,27.9769,-114.0611,75.47,68,55,6.98,Clouds
280,Ayan,RU,56.45,138.1667,29.57,53,11,14.54,Clouds
281,Casino,AU,-28.8667,153.05,64.78,95,100,7.05,Rain
282,Haines Junction,CA,60.7522,-137.5108,57.15,47,100,4.61,Clouds
283,Pemberton,CA,50.3164,-122.8027,62.29,53,1,1.41,Clear
284,Belmonte,BR,-15.8631,-38.8828,81.64,70,89,12.48,Clouds
285,Saint Cloud,US,45.5608,-94.1625,57.92,48,0,12.66,Clear
286,Lao Cai,VN,22.4833,103.95,73.49,99,84,0.98,Clouds
287,Lake Charles,US,30.2131,-93.2044,84.18,44,0,16.11,Clear
288,Klamath Falls,US,42.2249,-121.7817,64.06,56,0,1.99,Clear
289,Taylorville,US,39.5489,-89.2945,56.82,41,40,0.0,Clouds
290,Oranjemund,NA,-28.55,16.4333,59.95,89,1,10.42,Clear
291,Wawa,NG,9.9022,4.4192,81.36,76,58,0.92,Clouds
292,Ambanja,MG,-13.6833,48.45,72.09,80,35,2.1,Clouds
293,Bemidji,US,47.4736,-94.8803,55.9,50,0,0.0,Clear
294,Torbay,CA,47.6666,-52.7314,56.75,94,100,8.05,Drizzle
295,Luwuk,ID,-0.9516,122.7875,77.61,85,100,3.33,Clouds
296,Sitio Novo Do Tocantins,BR,-5.5183,-47.4611,96.73,41,75,3.44,Clouds
297,Saint-Denis,FR,48.9167,2.3333,65.05,50,0,5.75,Clear
298,Homer,US,59.6425,-151.5483,55.29,71,100,6.91,Clouds
299,Rapar,IN,23.5667,70.6333,86.23,57,31,9.89,Clouds
300,Srednekolymsk,RU,67.45,153.6833,19.94,78,99,13.27,Clouds
301,Makakilo City,US,21.3469,-158.0858,75.43,78,40,4.61,Clouds
302,Jawhar,SO,2.7809,45.5005,76.5,79,38,14.58,Clouds
303,Adelaide,AU,-34.9333,138.6,48.29,83,20,3.0,Clouds
304,Notse,TG,6.95,1.1667,79.09,85,96,3.2,Rain
305,La Asuncion,VE,11.0333,-63.8628,85.73,84,54,16.11,Clouds
306,Teya,RU,60.3778,92.6267,39.72,77,100,11.03,Clouds
307,Wageningen,NL,51.9667,5.6667,56.05,69,24,4.61,Clouds
308,Boyabat,TR,41.4689,34.7667,61.21,81,80,1.12,Clouds
309,Lethem,GY,3.3803,-59.7968,96.89,35,47,4.92,Clouds
310,Sitka,US,57.0531,-135.33,55.29,100,100,0.0,Mist
311,Abalak,RU,58.1286,68.5944,43.99,90,100,3.74,Clouds
312,Coffs Harbour,AU,-30.3,153.1333,67.96,83,100,17.27,Rain
313,Yendi,GH,9.4427,-0.0099,77.22,83,61,5.46,Clouds
314,Grindavik,IS,63.8424,-22.4338,44.55,87,75,9.22,Rain
315,Saint Anthony,US,45.0205,-93.218,57.76,44,0,14.97,Clear
316,Ilebo,CD,-4.3167,20.5833,75.27,79,89,1.52,Rain
317,Atbasar,KZ,51.8,68.3333,48.22,74,100,11.39,Clouds
318,Salisbury,GB,51.0693,-1.7957,58.57,59,10,5.75,Clear
319,Turayf,SA,31.6725,38.6637,79.05,47,0,13.8,Clear
320,Long Beach,US,33.767,-118.1892,81.95,81,0,5.01,Haze
321,Adrar,MR,20.5022,-10.0711,98.98,14,12,7.16,Clouds
322,Grand Gaube,MU,-20.0064,57.6608,72.0,64,32,7.0,Clouds
323,Aras,ES,42.5617,-2.356,66.61,52,0,3.44,Clear
324,Sovetskiy,RU,61.3614,63.5842,39.99,92,33,5.99,Clouds
325,Hambantota,LK,6.1241,81.1185,79.47,79,53,13.09,Clouds
326,Mugur-Aksy,RU,50.35,90.5,28.6,53,28,6.15,Clouds
327,Qui Nhon,VN,13.7667,109.2333,77.61,90,100,5.53,Clouds
328,Villeneuve-Sur-Lot,FR,44.5,0.6667,68.05,77,88,3.27,Clouds
329,Morki,RU,56.4303,48.9947,46.36,92,35,6.35,Clouds
330,Luau,AO,-10.7073,22.2247,78.84,16,1,4.97,Clear
331,Alto Araguaia,BR,-17.3147,-53.2153,92.57,27,86,9.33,Clouds
332,Dharchula,IN,29.85,80.5333,63.95,94,100,3.98,Rain
333,Baker City,US,44.7749,-117.8344,53.31,58,0,0.0,Clear
334,Kabinda,CD,-6.1333,24.4833,71.22,72,57,4.76,Clouds
335,Atar,MR,20.5169,-13.0499,100.51,19,4,14.29,Rain
336,Sunrise,US,26.1577,-80.2861,86.0,76,100,16.11,Clouds
337,Tefe,BR,-3.3542,-64.7114,93.31,59,20,10.36,Clouds
338,Bilma,NE,18.6853,12.9164,91.89,15,39,7.45,Clouds
339,Asau,RO,46.4333,26.4,54.52,72,86,1.39,Clouds
340,Lagoa,PT,39.05,-27.9833,70.5,91,80,13.33,Clouds
341,Yurgamysh,RU,55.3714,64.4656,42.37,89,100,8.52,Clouds
342,Beyneu,KZ,45.3167,55.2,60.94,47,6,5.46,Clear
343,San Felipe,VE,10.3399,-68.7425,86.14,66,86,2.82,Clouds
344,Katangli,RU,51.7102,143.2326,32.85,80,94,2.68,Clouds
345,Borivka,UA,50.4564,29.546,50.76,63,5,7.05,Clear
346,Paita,PE,-5.0892,-81.1144,71.44,69,46,13.78,Clouds
347,Esperance,AU,-33.8667,121.9,56.91,48,7,11.18,Clear
348,San Jose,US,37.3394,-121.895,79.92,80,75,0.0,Haze
349,Prince George,CA,53.9166,-122.753,44.04,100,75,5.75,Mist
350,Udachnyy,RU,66.4167,112.4,28.45,92,100,5.23,Clouds
351,Kwinana,AU,-32.25,115.7667,54.81,79,0,6.87,Clear
352,Lambarene,GA,-0.7001,10.2406,77.52,86,72,2.01,Rain
353,Halifax,CA,44.6453,-63.5724,61.34,79,99,14.97,Clouds
354,Ixtapa,MX,20.7,-105.2,85.23,61,0,4.61,Clear
355,Parry Sound,CA,45.3501,-80.033,48.25,71,99,16.69,Rain
356,Kiama,AU,-34.6833,150.8667,53.01,92,100,7.0,Rain
357,Sao Joao Da Barra,BR,-21.6403,-41.0511,80.69,71,61,16.58,Clouds
358,Blackfoot,US,43.1905,-112.345,70.54,30,96,2.57,Clouds
359,Numaligarh,IN,26.6333,93.75,73.76,97,66,3.22,Rain
360,Vostok,RU,46.4856,135.8833,30.04,74,47,4.92,Clouds
361,Salalah,OM,17.0151,54.0924,77.7,72,17,0.92,Clouds
362,Shelburne,CA,44.0787,-80.2041,45.9,75,42,17.96,Clouds
363,Tougan,BF,13.0667,-3.0667,90.84,43,84,6.73,Clouds
364,Camacha,PT,33.0833,-16.3333,69.22,68,20,16.11,Clouds
365,Bauchi,NG,10.5,10.0,80.08,63,94,2.71,Clouds
366,Ukiah,US,39.1502,-123.2078,88.05,38,0,0.92,Clear
367,Samarai,PG,-10.6167,150.6667,80.08,84,72,9.24,Clouds
368,Severomuysk,RU,56.1481,113.4267,7.43,93,76,2.95,Clouds
369,Batagay,RU,67.6333,134.6333,16.11,95,100,4.09,Clouds
370,Moncao,PT,42.0789,-8.4808,78.51,44,2,4.29,Clear
371,Anloga,GH,5.7947,0.8973,79.74,79,95,9.22,Rain
372,Avera,US,33.194,-82.5271,81.91,39,99,5.99,Clouds
373,Santa Rosa,PH,14.3122,121.1114,81.1,88,47,5.93,Clouds
374,Freeport,US,40.6576,-73.5832,59.29,55,75,9.22,Clouds
375,Ambilobe,MG,-13.2,49.05,72.3,64,21,7.23,Clouds
376,Jalalpur Pirwala,PK,29.5069,71.2192,80.87,31,1,9.26,Clear
377,Gelgaudiskis,LT,55.0792,22.9758,54.93,75,100,6.22,Clouds
378,Shetpe,KZ,44.1667,52.1167,58.89,48,10,10.94,Clear
379,Kuusamo,FI,65.9667,29.1833,42.84,75,75,14.97,Clouds
380,Asmar,AF,35.0333,71.3581,69.24,42,0,4.32,Clear
381,Bulawayo,ZW,-20.15,28.5833,75.31,32,0,15.3,Clear
382,Mitsamiouli,KM,-11.3847,43.2844,77.31,74,50,3.69,Clouds
383,Isla Mujeres,MX,21.2311,-86.731,86.16,67,14,15.37,Clouds
384,Kimbe,PG,-5.5502,150.1429,73.62,85,65,4.27,Clouds
385,Yatou,CN,37.15,122.3833,59.47,62,100,11.45,Clouds
386,Santomera,ES,38.0615,-1.0488,75.67,72,83,8.01,Clouds
387,Banes,CU,20.9625,-75.7186,86.92,57,47,15.84,Clouds
388,Dudinka,RU,69.4058,86.1778,32.36,98,100,10.22,Snow
389,Ongandjera,NA,-17.8833,15.0667,85.37,9,0,6.82,Clear
390,Jijiga,ET,9.35,42.8,69.67,57,99,4.21,Rain
391,Sabha,LY,27.0377,14.4283,79.83,31,0,8.3,Clear
392,San Luis,AR,-33.295,-66.3356,56.34,16,35,23.31,Clouds
393,Kaitangata,NZ,-46.2817,169.8464,41.25,87,97,5.64,Clouds
394,Sawtell,AU,-30.3833,153.1,68.02,83,100,17.27,Rain
395,Coquimbo,CL,-29.9533,-71.3436,62.33,72,20,13.8,Clouds
396,Kearney,US,40.6995,-99.0815,56.57,56,0,12.66,Clear
397,Faanui,PF,-16.4833,-151.75,77.97,76,16,18.79,Clouds
398,Gondar,ET,12.6,37.4667,58.48,83,70,5.73,Rain
399,Ust-Maya,RU,60.4167,134.5333,20.32,77,81,3.56,Clouds
400,Mazara Del Vallo,IT,37.6641,12.588,75.15,75,9,9.17,Clear
401,Rawson,AR,-43.3002,-65.1023,54.66,33,35,19.06,Clouds
402,Taltal,CL,-25.4,-70.4833,61.38,68,24,4.47,Clouds
403,Langxiang,CN,46.95,128.8833,35.06,100,100,2.91,Snow
404,Penzance,GB,50.1186,-5.5371,57.88,76,20,8.05,Clouds
405,Soyo,AO,-6.1349,12.3689,77.2,81,69,11.39,Clouds
406,Pulandian,CN,39.3953,121.9669,60.31,62,100,15.37,Clouds
407,Airai,TL,-8.9266,125.4092,62.35,86,91,2.86,Rain
408,Ngunguru,NZ,-35.6167,174.5,57.54,71,100,15.1,Clouds
409,Maniitsoq,GL,65.4167,-52.9,32.52,68,86,3.27,Clouds
410,Uige,AO,-7.6087,15.0613,70.75,86,85,2.68,Rain
411,Rocha,UY,-34.4833,-54.3333,63.75,70,99,15.66,Rain
412,Ibotirama,BR,-12.1853,-43.2206,104.45,15,61,3.15,Clouds
413,Nouadhibou,MR,20.931,-17.0347,75.18,69,28,12.66,Clouds
414,Antalaha,MG,-14.9003,50.2788,68.76,82,46,9.55,Clouds
415,Arimis,HN,14.7833,-86.0,85.96,74,75,4.61,Clouds
416,Leningradskiy,RU,69.3833,178.4167,15.85,75,37,11.65,Clouds
417,Saint-Max,FR,48.7043,6.21,57.22,71,0,3.44,Clear
418,Makarov,RU,48.6333,142.8,38.82,63,25,5.06,Clouds
419,Fort Nelson,CA,58.8053,-122.7002,42.39,70,75,5.75,Clouds
420,Cayenne,GF,4.9333,-52.3333,91.44,55,0,12.66,Clear
421,Bethel,US,41.3712,-73.414,58.01,59,40,5.75,Clouds
422,Gayny,RU,60.3071,54.3241,43.43,88,98,7.52,Clouds
423,Inhambane,MZ,-23.865,35.3833,72.99,86,0,7.58,Clear
424,Luis Correia,BR,-2.8792,-41.6669,89.6,66,20,17.27,Clouds
425,Almaznyy,RU,48.0448,40.045,56.35,64,68,13.31,Clouds
426,Mersing,MY,2.4312,103.8405,76.91,94,40,4.61,Clouds
427,Morro Bay,US,35.3658,-120.8499,68.88,1,1,3.0,Clear
428,Miandrivazo,MG,-19.5167,45.4667,80.8,67,0,8.9,Clear
429,Borger,NL,52.9233,6.7931,54.93,79,22,8.25,Clouds
430,Hirtshals,DK,57.5881,9.9592,53.92,73,4,24.32,Clear
431,Mungwi,ZM,-10.1732,31.3694,77.43,15,34,12.21,Clouds
432,Longyearbyen,SJ,78.2186,15.6401,39.04,81,75,6.91,Rain
433,San Policarpo,PH,12.1791,125.5072,80.17,82,10,7.87,Clear
434,Yumen,CN,40.2833,97.2,35.82,32,0,14.41,Clear
435,Paamiut,GL,61.994,-49.6678,34.39,70,10,13.67,Clear
436,Tashara,RU,55.5195,83.5094,50.59,49,100,9.8,Clouds
437,Henties Bay,NA,-22.116,14.2845,59.77,82,20,5.01,Clouds
438,Narrabri,AU,-30.3167,149.7833,55.49,88,75,11.5,Clouds
439,Pitimbu,BR,-7.4706,-34.8086,86.59,64,7,15.77,Clear
440,Maryborough,AU,-25.5333,152.7,70.11,97,26,3.31,Clouds
441,Nanakuli,US,21.3906,-158.1547,77.86,80,40,4.61,Clouds
442,Genhe,CN,50.7833,121.5167,22.51,71,32,3.42,Clouds
443,Kenai,US,60.5544,-151.2583,48.15,98,100,3.44,Rain
444,Dosso,NE,13.049,3.1937,90.7,44,84,1.99,Clouds
445,General Pico,AR,-35.6566,-63.7568,59.14,22,40,24.2,Clouds
446,Natal,BR,-5.795,-35.2094,86.65,58,40,19.57,Clouds
447,Sur,OM,22.5667,59.5289,81.41,64,0,1.7,Clear
448,Gidole,ET,5.65,37.3667,58.98,74,87,1.7,Rain
449,Gorele,TR,41.0308,39.0031,64.26,94,100,6.2,Rain
450,Kendal,GB,54.3268,-2.7476,54.59,81,45,9.04,Clouds
451,Umm Kaddadah,SD,13.6017,26.6876,94.1,17,62,7.9,Clouds
452,Saint-Augustin,CA,51.226,-58.6502,49.66,89,100,17.74,Clouds
453,Kaset Sombun,TH,16.2805,101.9542,74.95,90,100,2.24,Clouds
454,Kushima,JP,31.4583,131.2333,66.9,78,99,7.4,Clouds
455,Tianpeng,CN,30.9866,103.9393,57.67,88,100,4.27,Clouds
456,Kokoda,PG,-8.8785,147.7407,72.99,94,85,0.65,Clouds
457,Athabasca,CA,54.7169,-113.2854,55.81,51,79,4.47,Clouds
458,Sangar,RU,63.9242,127.4739,25.61,96,100,2.91,Snow
459,Koslan,RU,63.4564,48.8989,48.04,87,100,11.72,Clouds
460,Kotovo,RU,50.3211,44.8012,52.43,65,0,5.66,Clear
461,Preobrazheniye,RU,42.9019,133.9064,45.91,62,16,4.25,Clouds
462,Flin Flon,CA,54.7682,-101.865,51.64,71,75,3.44,Clouds
463,Mul,IN,20.0667,79.6667,75.74,90,14,2.3,Clouds
464,Esna,EG,25.2934,32.554,84.22,22,0,17.52,Clear
465,Tarauaca,BR,-8.1614,-70.7656,96.06,39,75,1.59,Rain
466,Fairbanks,US,64.8378,-147.7164,40.3,93,100,6.91,Rain
467,Isangel,VU,-19.55,169.2667,74.93,79,28,16.08,Clouds
468,Zeya,RU,53.75,127.2667,24.91,67,17,4.12,Clouds
469,Tapes,BR,-30.6733,-51.3958,74.98,48,3,8.25,Clear
470,Amot,NO,59.5714,7.9877,42.76,77,17,5.82,Clouds
471,Liwale,TZ,-9.7667,37.9333,73.09,57,31,4.21,Clouds
472,Magrath,CA,49.4167,-112.8686,68.32,44,51,6.91,Clouds
473,Waipawa,NZ,-41.4122,175.5153,43.41,85,18,9.93,Clouds
474,Tangshan,CN,39.6333,118.1833,51.94,73,81,13.98,Rain
475,Seoul,KR,37.5683,126.9778,60.24,67,0,8.05,Clear
476,Guilin,CN,25.2819,110.2864,68.11,57,55,6.89,Clouds
477,Hella,NO,67.2,14.4333,46.56,85,75,19.57,Clouds
478,Beloha,MG,-25.1667,45.05,75.74,58,0,7.92,Clear
479,Bekovo,RU,52.4663,43.712,50.2,69,0,4.99,Clear
480,Codrington,AU,-38.2667,141.9667,45.52,77,45,4.14,Clouds
481,Guiratinga,BR,-16.3494,-53.7583,95.95,27,28,5.79,Clouds
482,Basco,PH,20.4487,121.9702,82.54,70,6,16.02,Clear
483,Sulangan,PH,11.1373,123.7228,82.76,78,93,13.02,Clouds
484,Troitsko-Pechorsk,RU,62.7084,56.1964,43.52,89,100,7.54,Clouds
485,Kwakoa,TZ,-3.7667,37.7167,74.37,42,83,10.69,Clouds
486,Plainview,US,40.7765,-73.4673,58.91,59,10,5.99,Clear
487,Linkoping,SE,58.4109,15.6216,49.98,85,20,10.36,Clouds
488,Lasem,ID,-6.6922,111.4527,80.06,80,100,0.49,Clouds
489,Calatrava,PH,10.595,123.4838,79.14,86,99,7.83,Clouds
490,Oktyabrskoye,RU,43.0645,44.7417,53.74,100,100,0.0,Clouds
491,Kabanjahe,ID,3.1001,98.4908,63.7,96,100,2.3,Rain
492,Hami,CN,42.8,93.45,52.63,13,0,15.84,Clear
493,Honiara,SB,-9.4333,159.95,76.95,84,10,4.32,Clear
494,Tiksi,RU,71.6872,128.8694,17.55,93,99,6.22,Clouds
495,Manoel Urbano,BR,-8.8389,-69.2597,99.16,33,47,2.21,Rain
496,Ishigaki,JP,24.3448,124.1572,78.93,83,100,14.97,Clouds
497,Amga,RU,60.8953,131.9608,22.46,88,93,3.89,Clouds
498,Kihei,US,20.785,-156.4656,78.82,86,40,6.91,Clouds
499,Roma,US,43.2128,-75.4557,50.72,74,100,3.44,Clouds
500,Caramay,PH,10.1815,119.236,79.75,86,89,1.88,Clouds
501,Lazaro Cardenas,MX,17.9583,-102.2,84.74,67,13,0.54,Clouds
502,Itoman,JP,26.1247,127.6694,77.02,78,100,5.75,Clouds
503,Berlevag,NO,70.8578,29.0864,42.8,81,100,9.22,Clouds
504,Cervo,ES,43.6702,-7.4101,63.97,84,45,13.4,Clouds
505,Leshukonskoye,RU,64.8989,45.7622,48.42,84,100,12.88,Clouds
506,Sault Sainte Marie,CA,46.5168,-84.3333,46.96,63,100,12.66,Clouds
507,Road Town,VG,18.4167,-64.6167,89.69,74,40,12.66,Clouds
508,Zhuhai,CN,22.2769,113.5678,82.11,83,40,9.22,Clouds
509,Solana Beach,US,32.9912,-117.2711,83.59,83,40,5.75,Clouds
510,Sao Geraldo Do Araguaia,BR,-6.4006,-48.555,99.81,27,80,4.99,Clouds
511,Qasigiannguit,GL,68.8193,-51.1922,30.45,77,100,2.53,Clouds
512,Khargone,IN,21.8167,75.6,75.31,91,100,6.02,Clouds
513,Alikalia,SL,9.1667,-11.4,77.23,87,97,1.41,Rain
514,Aklavik,CA,68.2191,-135.0107,33.8,75,75,8.05,Clouds
515,Puerto Narino,CO,-3.7703,-70.3831,83.75,68,100,3.85,Clouds
516,Sola,VU,-13.8833,167.55,80.98,73,20,15.39,Clouds
517,Kalutara,LK,6.5831,79.9593,78.46,85,33,6.06,Clouds
518,Whitefish,US,48.4111,-114.3376,61.77,67,0,0.0,Clear
519,Nizhnevartovsk,RU,60.9344,76.5531,37.42,100,35,4.47,Fog
520,La Zumbadora,HN,15.0167,-88.9,72.88,97,99,4.52,Clouds
521,Juba,SS,4.8517,31.5825,72.01,87,100,3.71,Rain
522,Walvis Bay,NA,-22.9575,14.5053,57.78,86,29,5.1,Clouds
523,Alanya,TR,36.5438,31.9998,69.93,60,14,1.7,Clouds
524,Taldan,RU,53.6667,124.8,23.31,68,11,3.49,Clouds
525,Chumikan,RU,54.7183,135.315,30.04,55,16,3.27,Clouds
526,Dhidhdhoo,MV,6.8833,73.1,81.7,75,100,14.67,Clouds
527,Erenhot,CN,43.6475,111.9767,33.04,46,95,16.46,Clouds
528,Launceston,AU,-41.45,147.1667,37.15,92,3,0.0,Clear
529,Denizli,TR,37.8402,29.0698,63.16,69,44,1.52,Rain
530,Kushiro,JP,42.975,144.3747,44.53,86,50,5.06,Clouds
531,Mihai Bravu,RO,44.1406,26.0628,68.04,50,12,2.73,Clouds
532,Turbo,CO,8.0937,-76.7269,82.53,85,100,15.3,Clouds
533,Ca Mau,VN,9.1769,105.15,73.51,96,100,3.87,Rain
534,Nyurba,RU,63.2842,118.3319,29.89,94,100,8.9,Clouds
535,Egvekinot,RU,66.3167,-179.1667,13.06,75,6,6.42,Clear
536,Montrose,US,38.4166,-108.2673,52.74,34,3,2.48,Clear
537,Thisted,DK,56.9552,8.6949,53.15,72,5,19.39,Clear
538,Sorong,ID,-0.8833,131.25,79.38,81,100,4.09,Rain
539,Veraval,IN,20.9,70.3667,81.75,83,85,7.25,Rain
540,Tacuarembo,UY,-31.7333,-55.9833,73.98,50,95,17.25,Clouds
541,Yar-Sale,RU,66.8333,70.8333,40.15,92,100,9.71,Clouds
542,Iberia,US,29.9502,-91.7507,86.97,39,0,11.5,Clear
543,Renfrew,GB,55.872,-4.3925,56.16,82,100,10.36,Clouds
544,Puerto Palomas,MX,31.7667,-107.6167,67.48,52,31,16.2,Clouds
545,Bam,IR,29.106,58.357,71.47,6,0,8.97,Clear
546,Spencer,US,43.1414,-95.1444,59.11,38,0,12.66,Clear
547,Olinda,BR,-8.0089,-34.8553,82.13,65,20,9.22,Clouds
548,Vila Franca Do Campo,PT,37.7167,-25.4333,76.19,86,99,6.42,Clouds
549,Chitral,PK,35.8462,71.7858,65.28,35,0,0.31,Clear
550,Karratha,AU,-20.7377,116.8463,73.74,63,2,4.16,Clear
551,Paka,MY,4.6374,103.4368,73.33,100,100,0.0,Rain
552,Ust-Nera,RU,64.5667,143.2,12.7,95,98,7.27,Clouds
553,Alugan,PH,12.2188,125.4808,79.84,82,9,6.33,Clear
554,Hirara,JP,24.8,125.2833,79.9,78,95,14.88,Clouds
555,Chicama,PE,-7.8447,-79.1469,59.54,59,59,11.32,Clouds
556,Caravelas,BR,-17.7125,-39.2481,82.72,66,89,13.56,Clouds
557,Varhaug,NO,58.6147,5.6457,48.47,68,25,13.24,Clouds
558,Mangrol,IN,21.1167,70.1167,81.97,82,85,7.87,Clouds
559,College,US,64.8569,-147.8028,39.58,93,100,6.91,Rain
560,Castelo Branco,PT,39.8222,-7.4909,79.0,34,7,3.71,Clear
561,Hervey Bay,AU,-25.2986,152.8535,70.02,88,34,5.99,Clouds
562,Grand-Lahou,CI,5.1367,-5.0242,78.42,83,45,7.81,Clouds
563,Terney,RU,45.0503,136.6092,42.01,61,2,5.48,Clear
564,Nikki,BJ,9.9401,3.2108,76.75,82,46,3.53,Clouds
565,Ardrishaig,GB,56.0157,-5.4481,54.18,87,83,6.33,Clouds
566,Sharan,RU,54.8167,54.0,47.44,75,100,6.8,Clouds
567,Nioki,CD,-2.7167,17.6833,76.51,76,77,2.1,Clouds
568,Synya,RU,65.3718,58.0387,43.02,80,96,10.33,Clouds
569,Svetlaya,RU,46.5389,138.3297,40.44,61,10,4.83,Clear
570,Along,IN,28.1667,94.7667,70.11,98,72,1.1,Clouds
571,Tautira,PF,-17.7333,-149.15,76.44,81,46,18.34,Rain
572,Brae,GB,60.3964,-1.353,50.92,81,90,16.64,Clouds
573,Poum,NC,-20.2333,164.0167,75.7,78,17,14.61,Clouds
574,Blagoyevo,RU,63.3667,47.9167,47.19,83,100,11.34,Clouds
575,Bongandanga,CD,1.5,21.05,71.74,91,67,2.46,Rain
576,Araouane,ML,18.9048,-3.5265,100.45,14,36,6.98,Clouds
577,Tromso,NO,69.6496,18.957,44.62,81,75,18.41,Clouds
578,Whitehorse,CA,60.7161,-135.0538,54.37,62,75,19.57,Clouds
579,Rio Grande,BR,-32.035,-52.0986,82.51,50,18,10.02,Clouds
580,Baberu,IN,25.55,80.7167,79.56,83,87,3.44,Clouds
581,Rimavska Sobota,SK,48.3828,20.0224,56.17,75,99,2.39,Clouds
582,Biak,ID,-0.9131,122.8766,76.5,84,100,4.03,Clouds
583,Abha,SA,18.2164,42.5053,71.42,14,0,11.5,Clear
584,Havre-Saint-Pierre,CA,50.2334,-63.5986,44.96,76,100,17.27,Clouds
585,Otradnoye,RU,59.7775,30.8181,55.45,73,100,12.12,Clouds
586,Krasnoselkup,RU,65.7,82.4667,38.73,96,100,10.8,Clouds
587,Goundam,ML,16.4145,-3.6708,95.81,26,48,10.31,Clouds
588,Sumenep,ID,-7.0167,113.8667,80.82,81,99,2.26,Clouds
589,Saint-Joseph,RE,-21.3667,55.6167,70.18,75,28,13.29,Clouds
590,Reno,US,39.5296,-119.8138,73.47,26,0,1.99,Clear
591,Bonavista,CA,48.6499,-53.1147,53.2,86,93,10.36,Clouds
592,Marzuq,YE,14.4,46.4667,75.18,53,35,5.03,Clouds
593,Sapanta,RO,47.9667,23.7,57.96,85,100,1.16,Clouds
594,Doka,SD,13.5167,35.7667,77.07,72,46,12.37,Rain
595,Hailar,CN,49.2,119.7,27.84,75,50,6.87,Clouds
596,Palmer,US,42.1584,-72.3287,58.51,48,20,8.05,Clouds
597,Vestmanna,FO,62.1564,-7.1664,49.12,87,100,10.36,Drizzle
598,Faya,SA,18.3851,42.4509,71.71,36,19,3.0,Clouds
599,Kargasok,RU,59.0556,80.8572,44.46,84,49,3.62,Clouds
600,Pilot Butte,CA,50.4668,-104.4178,60.53,52,75,8.05,Clouds
601,Svetlogorsk,BY,52.6333,29.7333,48.99,77,62,9.19,Clouds
602,Yulara,AU,-25.2406,130.9889,57.78,31,0,14.54,Clear
603,Hualmay,PE,-11.0964,-77.6139,67.41,69,33,13.51,Clouds
604,Leeton,AU,-34.5667,146.4,44.89,75,7,9.17,Clear
605,Flinders,AU,-34.5833,150.8552,52.18,88,100,13.0,Rain
606,Behat,IN,30.1667,77.6167,67.93,93,100,0.65,Clouds
607,Gumdag,TM,39.2061,54.5906,68.13,26,0,17.69,Clear
608,Mendi,PG,-6.1761,143.6513,53.85,97,83,3.31,Clouds
609,Baghdad,IQ,33.3406,44.4009,85.91,25,0,0.0,Clear
610,Sao Jose Da Coroa Grande,BR,-8.8978,-35.1478,81.59,61,4,8.19,Clear
611,Stawell,AU,-37.05,142.7667,36.34,93,2,4.7,Clear
612,Puerto Colombia,CO,10.9878,-74.9547,86.09,69,99,6.62,Clouds
613,West Covina,US,34.0686,-117.939,87.85,70,0,3.44,Haze
614,Vicuna,CL,-30.0319,-70.7081,55.13,32,92,9.62,Clouds
615,Kurilsk,RU,45.2333,147.8833,46.38,70,49,7.78,Clouds
616,Bedele,ET,8.456,36.353,56.32,95,99,3.31,Clouds
617,Bac Lieu,VN,9.285,105.7244,74.8,93,100,6.58,Clouds
618,Raduzhnyy,RU,62.0961,77.475,42.35,90,87,7.74,Clouds
619,Rajaldesar,IN,28.0333,74.4667,75.24,83,80,11.7,Clouds
620,Yining,CN,29.0361,114.5636,57.02,96,100,1.72,Clouds
621,Sept-Iles,CA,50.2001,-66.3821,46.92,65,75,16.11,Clouds
622,Batagay-Alyta,RU,67.8006,130.4114,18.18,80,100,5.77,Clouds
623,Geilo,NO,60.5333,8.2076,37.71,87,36,8.99,Clouds
624,Zalari,RU,53.5584,102.5065,28.96,66,42,5.12,Clouds
625,Sokyryany,UA,48.4475,27.4168,54.09,53,45,4.72,Clouds
626,Letterkenny,IE,54.95,-7.7333,52.59,79,97,6.38,Clouds
627,Voh,NC,-20.9667,164.7,72.72,81,66,4.76,Clouds
628,Diffa,NE,13.3154,12.6113,91.08,20,17,7.07,Clouds
629,Turbat,PK,26.0023,63.044,84.47,7,0,7.9,Clear
630,Nizhniye Sergi,RU,56.6614,59.3033,43.47,89,81,8.32,Clouds
631,Chiredzi,ZW,-21.05,31.6667,76.51,47,0,4.34,Clear
632,Goose Creek,US,32.981,-80.0326,84.09,61,75,3.44,Clouds
633,Tsabong,BW,-26.0217,22.401,86.29,11,56,9.95,Clouds
634,Gimli,CA,50.6336,-96.9907,53.62,50,100,8.05,Clouds
635,Kynsperk Nad Ohri,CZ,50.1189,12.5303,55.54,90,75,4.97,Clouds
636,Palencia,ES,42.4167,-4.5,69.8,59,6,10.56,Clear
637,Puri,IN,19.8,85.85,81.12,81,72,8.55,Rain
638,Conceicao Do Araguaia,BR,-8.2578,-49.2647,106.57,17,29,3.27,Clouds
639,Richards Bay,ZA,-28.783,32.0377,70.97,84,0,14.05,Clear
640,Bowen,AU,-20.0167,148.2333,72.75,81,10,9.44,Clear
641,Qena,EG,26.1615,32.7183,81.64,25,0,13.85,Clear
642,Konstantinovskoye,RU,45.2992,42.6367,59.58,64,36,20.76,Clouds
643,Cudahy,US,33.9606,-118.1853,87.06,75,40,3.44,Haze
644,Kaeo,NZ,-35.1,173.7833,55.33,85,99,10.49,Clouds
645,Ankazoabo,MG,-22.2833,44.5167,78.8,46,12,6.06,Clouds
646,Namatanai,PG,-3.6667,152.4333,78.69,74,21,10.36,Rain
647,Praia,CV,14.9215,-23.5087,86.54,62,20,13.8,Clouds
648,Sudogda,RU,55.9539,40.8629,49.5,85,85,8.79,Clouds
649,Cap Malheureux,MU,-19.9842,57.6142,71.47,64,26,5.01,Clouds
650,Lasa,IT,46.6166,10.7002,65.28,89,94,2.24,Clouds
651,Ranong,TH,9.9658,98.6348,77.94,89,99,2.04,Clouds
652,Kozhevnikovo,RU,56.2589,83.9714,47.25,69,100,6.02,Clouds
653,Bafq,IR,31.6128,55.4107,69.57,12,0,4.54,Clear
654,Mazagao,BR,-0.115,-51.2894,95.05,35,2,7.61,Clear
655,Edd,ER,13.9297,41.6925,88.92,65,19,10.78,Clouds
656,Karaton,ID,-6.3424,106.1045,73.9,94,100,4.03,Rain
657,Providencia,MX,28.7167,-111.5833,88.05,48,16,3.87,Clouds
658,Kaoma,ZM,-14.7833,24.8,73.42,17,1,6.62,Clear
659,Chifeng,CN,42.2683,118.9636,36.34,97,100,7.25,Clouds
660,Buin,CL,-33.7333,-70.75,70.43,37,1,3.78,Clear
661,Teotlalcingo,MX,19.825,-97.9942,54.05,89,99,6.11,Clouds
662,Charters Towers,AU,-20.1,146.2667,67.89,83,15,3.2,Clouds
663,Dolores,AR,-36.3132,-57.6792,52.52,62,91,19.69,Clouds
664,Hamilton,US,39.1834,-84.5333,57.74,53,40,8.05,Clouds
665,Pinawa,CA,50.1489,-95.8811,54.21,52,100,6.06,Clouds
666,Chase,CA,50.8165,-119.6857,52.68,50,34,1.1,Clouds
667,Vangaindrano,MG,-23.35,47.6,67.41,85,0,6.98,Clear
668,Port Blair,IN,11.6667,92.75,80.64,83,40,2.3,Mist
669,Diapaga,BF,12.0708,1.7889,83.41,59,51,0.85,Clouds
670,Nyimba,ZM,-14.5566,30.8149,82.83,26,8,14.27,Clear
671,Sorgun,TR,39.8101,35.186,52.0,80,66,1.1,Clouds
672,Saint-Francois,FR,46.4154,3.9054,60.24,63,0,5.75,Clear
673,Babu,CN,24.4167,111.5167,67.93,70,26,4.88,Clouds
674,Jumla,NP,29.2747,82.1838,55.67,96,100,3.47,Clouds
675,Vestmannaeyjar,IS,63.4427,-20.2734,47.39,81,40,16.11,Clouds
676,Kingaroy,AU,-26.5333,151.8333,62.64,100,75,0.0,Rain
677,Olafsvik,IS,64.8945,-23.7142,44.71,73,89,8.93,Rain
678,Mashhad,IR,36.297,59.6062,60.94,48,0,6.91,Clear
679,Bograd,RU,54.2344,90.8328,35.85,74,95,6.2,Clouds
680,Wiset Chai Chan,TH,14.5989,100.3617,75.42,91,98,5.06,Clouds
681,Turukhansk,RU,65.8167,87.9833,34.72,100,100,3.49,Snow
682,Bose,IT,45.4612,8.0137,64.76,85,100,5.19,Rain
683,Krasnoturansk,RU,54.3186,91.5639,37.02,67,100,6.58,Clouds
684,Windsor,CA,42.3001,-83.0165,55.9,57,75,16.11,Clouds
685,Ranchi,IN,23.35,85.3333,73.51,100,40,2.3,Haze
686,Vikhorevka,RU,56.1201,101.1636,31.59,90,84,4.16,Clouds
687,Akyab,MM,20.15,92.9,81.39,78,18,1.45,Clouds
688,Ratnagiri,IN,16.9833,73.3,76.71,81,66,3.15,Clouds
689,Bud,US,39.447,-86.1758,56.32,50,1,6.89,Clear
